{
    "precision": 0.7464750861580356,
    "recall": 0.799491605525587,
    "f1": 0.7545536550110178,
    "f0.5": 0.7565012417281953,
    "f2": 0.7882863118409019
}