{
    "PRT": {
        "precision": 0.08333333333333333,
        "recall": 0.05560509778309166,
        "f1": 0.06670160365408609
    },
    "NUM": {
        "precision": 0.08333333333333333,
        "recall": 0.06241873272528721,
        "f1": 0.07137539411151407
    },
    "CONJ": {
        "precision": 0.08333333333333333,
        "recall": 0.07009911937640693,
        "f1": 0.07614515761333998
    },
    "DET": {
        "precision": 0.08333333333333333,
        "recall": 0.07055968286628145,
        "f1": 0.0764162264010693
    },
    ".": {
        "precision": 0.08333333333333333,
        "recall": 0.07250974913492762,
        "f1": 0.07754557350508404
    },
    "VERB": {
        "precision": 0.08333333333333333,
        "recall": 0.06977427034351208,
        "f1": 0.07595334269744222
    },
    "ADP": {
        "precision": 0.08333333333333333,
        "recall": 0.06915262407548962,
        "f1": 0.07558350529020351
    },
    "X": {
        "precision": 0.08969696969696969,
        "recall": 0.06519741696566837,
        "f1": 0.07535477805572781
    },
    "ADV": {
        "precision": 0.08333333333333333,
        "recall": 0.06519492755793826,
        "f1": 0.07315635457886942
    },
    "ADJ": {
        "precision": 0.08333333333333333,
        "recall": 0.06527478684749201,
        "f1": 0.07320595472529119
    },
    "PRON": {
        "precision": 0.08333333333333333,
        "recall": 0.07105057670970623,
        "f1": 0.0767031151414982
    },
    "NOUN": {
        "precision": 0.08333333333333333,
        "recall": 0.06756802513403155,
        "f1": 0.07462693983581989
    }
}