{
    "PRT": {
        "precision": 0.8333333333333333,
        "recall": 0.5560509778309166,
        "f1": 0.6670160365408609
    },
    "NUM": {
        "precision": 0.8333333333333333,
        "recall": 0.6241873272528721,
        "f1": 0.7137539411151407
    },
    "CONJ": {
        "precision": 0.8333333333333333,
        "recall": 0.7009911937640693,
        "f1": 0.7614515761333998
    },
    "DET": {
        "precision": 0.8333333333333333,
        "recall": 0.7055968286628145,
        "f1": 0.764162264010693
    },
    ".": {
        "precision": 0.8333333333333333,
        "recall": 0.7250974913492762,
        "f1": 0.7754557350508404
    },
    "VERB": {
        "precision": 0.8333333333333333,
        "recall": 0.6977427034351208,
        "f1": 0.7595334269744222
    },
    "ADP": {
        "precision": 0.8333333333333333,
        "recall": 0.6915262407548962,
        "f1": 0.7558350529020351
    },
    "X": {
        "precision": 0.8969696969696969,
        "recall": 0.6519741696566837,
        "f1": 0.7535477805572781
    },
    "ADV": {
        "precision": 0.8333333333333333,
        "recall": 0.6519492755793826,
        "f1": 0.7315635457886942
    },
    "ADJ": {
        "precision": 0.8333333333333333,
        "recall": 0.6527478684749201,
        "f1": 0.7320595472529119
    },
    "PRON": {
        "precision": 0.8333333333333333,
        "recall": 0.7105057670970623,
        "f1": 0.767031151414982
    },
    "NOUN": {
        "precision": 0.8333333333333333,
        "recall": 0.6756802513403155,
        "f1": 0.7462693983581989
    }
}